case,backend,median_ms,min_ms,max_ms,vertices,triangles,min_angle,under_10_deg_pct,foreground_missing,min_margin_missing,beyond_max,source_area,status
rectangle,sdf-0.5,33.341,32.199,35.955,1756,3485,8.2173,0.57,0.000000,0.000000,0.008951,230400.000,ok
circle,sdf-0.5,78.412,77.909,79.201,50,80,19.6723,0.00,0.000000,0.000000,0.239948,152088.000,ok
equal_margin,sdf-0.5,95.351,90.250,112.622,3321,3369,0.0439,96.97,0.000000,0.021840,56.878571,152088.000,ok
curved_sharp,sdf-0.5,54.764,52.257,61.934,46,69,6.9487,1.45,0.000000,0.000000,6.698759,92072.000,ok
islands,sdf-0.5,49.537,48.393,50.500,1562,1441,11.2265,0.00,0.000000,0.000000,2.394332,30976.000,ok
holes,sdf-0.5,140.412,110.966,216.088,98,134,19.2652,0.00,0.000000,0.000000,2787.889792,114904.000,ok
thin,sdf-0.5,135.817,132.992,198.708,40,43,11.9040,0.00,0.000000,0.000000,2911.450954,3776.000,ok
sparse_canvas,sdf-0.5,7.969,7.819,8.165,24,33,20.0045,0.00,0.000000,0.000000,0.013418,40000.000,ok
large_circle,sdf-0.5,308.016,299.296,316.357,162,286,5.7659,4.90,0.000000,0.000000,2.231688,608228.000,ok
edge_clipped,sdf-0.5,43.631,42.678,44.635,50,76,5.9946,9.21,0.000000,0.000000,0.150784,112154.000,ok
single_pixel,sdf-0.5,0.289,0.267,0.355,13,12,34.5653,0.00,0.000000,0.000000,0.011689,1.000,ok
diagonal_half_margin,sdf-0.5,1.394,1.287,1.826,124,92,5.8067,30.43,0.000000,33.713438,60.000003,256.000,ok
zero_margin,sdf-0.5,1.533,1.453,2.012,784,512,45.0000,0.00,0.000000,0.000000,0.000000,256.000,ok
